-- MySQL dump 10.13  Distrib 5.7.26, for Linux (x86_64)
--
-- Host: 0.0.0.0    Database: emg
-- ------------------------------------------------------
-- Server version	5.6.44

/*!40101 SET @OLD_CHARACTER_SET_CLIENT=@@CHARACTER_SET_CLIENT */;
/*!40101 SET @OLD_CHARACTER_SET_RESULTS=@@CHARACTER_SET_RESULTS */;
/*!40101 SET @OLD_COLLATION_CONNECTION=@@COLLATION_CONNECTION */;
/*!40101 SET NAMES utf8 */;
/*!40103 SET @OLD_TIME_ZONE=@@TIME_ZONE */;
/*!40103 SET TIME_ZONE='+00:00' */;
/*!40014 SET @OLD_UNIQUE_CHECKS=@@UNIQUE_CHECKS, UNIQUE_CHECKS=0 */;
/*!40014 SET @OLD_FOREIGN_KEY_CHECKS=@@FOREIGN_KEY_CHECKS, FOREIGN_KEY_CHECKS=0 */;
/*!40101 SET @OLD_SQL_MODE=@@SQL_MODE, SQL_MODE='NO_AUTO_VALUE_ON_ZERO' */;
/*!40111 SET @OLD_SQL_NOTES=@@SQL_NOTES, SQL_NOTES=0 */;

LOCK TABLES `SUPER_STUDY` WRITE;
/*!40000 ALTER TABLE `SUPER_STUDY` DISABLE KEYS */;
INSERT INTO `SUPER_STUDY` VALUES (1,'Human microbiome','Prime number emerged into consciousness extraordinary claims require extraordinary evidence inconspicuous motes of rock and gas billions upon billions something incredible is waiting to be known. Dream of the mind\'s eye Euclid great turbulent clouds the only home we\'ve ever known Drake Equation the only home we\'ve ever known. The only home we\'ve ever known hearts of the stars the carbon in our apple pies with pretty stories for which there\'s little good evidence invent the universe made in the interiors of collapsing stars and billions upon billions upon billions upon billions upon billions upon billions upon billions.','human-microbiome','data:image/svg+xml;base64,PD94bWwgdmVyc2lvbj0iMS4wIiBlbmNvZGluZz0idXRmLTgiPz4NCjwhLS0gR2VuZXJhdG9yOiBBZG9iZSBJbGx1c3RyYXRvciAxNC4wLjAsIFNWRyBFeHBvcnQgUGx1Zy1JbiAuIFNWRyBWZXJzaW9uOiA2LjAwIEJ1aWxkIDQzMzYzKSAgLS0+DQo8IURPQ1RZUEUgc3ZnIFBVQkxJQyAiLS8vVzNDLy9EVEQgU1ZHIDEuMS8vRU4iICJodHRwOi8vd3d3LnczLm9yZy9HcmFwaGljcy9TVkcvMS4xL0RURC9zdmcxMS5kdGQiPg0KPHN2ZyB2ZXJzaW9uPSIxLjEiIGlkPSJodW1hbiIgeG1sbnM9Imh0dHA6Ly93d3cudzMub3JnLzIwMDAvc3ZnIiB4bWxuczp4bGluaz0iaHR0cDovL3d3dy53My5vcmcvMTk5OS94bGluayIgeD0iMHB4IiB5PSIwcHgiDQoJIHdpZHRoPSI0NDkuNzg2cHgiIGhlaWdodD0iNDQ5Ljc4MXB4IiB2aWV3Qm94PSIwIDAgNDQ5Ljc4NiA0NDkuNzgxIiBlbmFibGUtYmFja2dyb3VuZD0ibmV3IDAgMCA0NDkuNzg2IDQ0OS43ODEiDQoJIHhtbDpzcGFjZT0icHJlc2VydmUiPg0KPGcgaWQ9IlNoYXBlXzY0X2NvcHlfMzAiPg0KCTxnPg0KCQk8Y2lyY2xlIGZpbGwtcnVsZT0iZXZlbm9kZCIgY2xpcC1ydWxlPSJldmVub2RkIiBmaWxsPSIjQjNEQ0RGIiBjeD0iMjI0Ljg5MyIgY3k9IjIyNC44OSIgcj0iMjI0Ljg5Ii8+DQoJPC9nPg0KPC9nPg0KPGc+DQoJPHBhdGggZmlsbD0iIzAyQTRCRCIgZD0iTTMxNi45NzksMTk4LjA5OGM2LjM1MSwxMC41OTMsMTAuODQxLDE3LjIwNCwxMy40OTUsMTkuODQ2YzAuNTIxLDAuNTMzLDEuNDUxLDEuNzI0LDIuNzc4LDMuNTcyDQoJCWMxLjMxNCwxLjg2LDIuMjQ1LDMuMDUxLDIuNzc4LDMuNTcyYzAuNTIxLDIuMTIxLDAuMjYxLDMuMTc1LTAuNzk0LDMuMTc1YzAuNTIxLDEuNTg4LDEuMzE0LDQuMTA2LDIuMzgyLDcuNTQyDQoJCWMxLjA1NCwzLjQ0OCwxLjg0OCw1Ljk1NCwyLjM4Miw3LjU0MmMwLDEuNTg4LTAuMjczLDIuMzgyLTAuNzk0LDIuMzgyYy0xLjA2NywwLTEuODYxLTAuMjYxLTIuMzgyLTAuNzk0DQoJCWMtMS4wNjYtMi4xMDktMS41ODgtMy40MzYtMS41ODgtMy45NjlsMi4zODIsOC43MzJjMCwxLjU4OC0wLjI3MywyLjM4Mi0wLjc5NCwyLjM4MmMtMS4wNjYsMC0yLjEyMS0wLjc5NC0zLjE3Ni0yLjM4Mg0KCQljLTAuNTMzLTEuNTg3LTEuODYtNC40OS0zLjk2OS04LjczMmMwLjUyMSwxLjU4NywxLjMxNCw0LjUwMiwyLjM4Miw4LjczMmMwLDEuMDY3LTAuMjczLDEuNTg4LTAuNzk0LDEuNTg4DQoJCWMtMS4wNjcsMC41MzMtMS44NjEsMC4xMzYtMi4zODItMS4xOTFjLTAuNTMzLTEuMzE0LTAuNzk0LTIuMjQ1LTAuNzk0LTIuNzc4Yy0wLjUzMy0xLjA1NC0xLjE5LTIuNzc4LTEuOTg0LTUuMTYNCgkJYy0wLjc5NC0yLjM4MS0xLjQ2NC00LjA5My0xLjk4NC01LjE2YzAsMS4wNjYsMC4xMjQsMi41MTgsMC4zOTYsNC4zNjZjMC4yNjEsMS44NiwwLjM5NywzLjA1MSwwLjM5NywzLjU3Mg0KCQljMCwxLjU4Ny0wLjEzNywyLjM4MS0wLjM5NywyLjM4MWMtMC4yNzIsMC0wLjkzMS0wLjUyMS0xLjk4NC0xLjU4N2MtMC41MzMtMC41MjEtMC43OTQtMS4xOTEtMC43OTQtMS45ODUNCgkJcy0wLjI3Mi0xLjQ1MS0wLjc5NC0xLjk4NGMtMC41MzMtMi4xMDktMS40NjQtNS4yODQtMi43NzgtOS41MjZjLTEuMzI3LTQuMjI5LTIuMjU4LTcuNDA1LTIuNzc4LTkuNTI2bC0yLjM4Mi03LjkzOA0KCQljLTEuNTg4LTIuMTA5LTQuMjQyLTUuNDItNy45MzgtOS45MjNjLTMuNzA5LTQuNDktNi4zNTEtOC4wNjItNy45MzgtMTAuNzE3Yy01LjgyOS02Ljg3Mi05LjAwNS0xMC41OC05LjUyNi0xMS4xMTRsLTEuNTg3LTEuNTg3DQoJCWMtMC41MzMtMC41MjEtMS40NjQtMS45ODUtMi43NzgtNC4zNjZjLTEuMzI3LTIuMzgyLTIuMjU4LTQuMDkzLTIuNzc5LTUuMTZjLTEuMDY2LTEuNTg3LTIuNTE4LTMuODMzLTQuMzY1LTYuNzQ4DQoJCWMtMS44NjEtMi45MDItMy4zMTMtNS4xNi00LjM2Ni02Ljc0OGMtMy4xNzYtNS44MTctNi4wOTEtMTEuNjM1LTguNzMyLTE3LjQ2NWMtMC41MzMsMC0xLjA2Ny0xLjA1NC0xLjU4OC0zLjE3NQ0KCQljLTAuNTMzLDQuMjQyLTEuNTg4LDEwLjQ1Ny0zLjE3NiwxOC42NTVjLTEuNTg3LDguMjExLTIuNzc4LDEzLjg5My0zLjU3MiwxNy4wNjhzLTAuNjY5LDkuNzk5LDAuMzk3LDE5Ljg0Ng0KCQljMC41MjEsMi42NTQsMS40NTEsNy4xNDUsMi43NzgsMTMuNDk1YzEuMzE0LDYuMzUxLDEuOTg0LDExLjM4NywxLjk4NCwxNS4wODNjMCw2LjM1MSwwLjI2MSwxNS4zNTYsMC43OTQsMjYuOTkxDQoJCWMwLjUyMSw2LjM1MSwwLjI2MSwxMi43MDEtMC43OTQsMTkuMDUyYy0xLjA2NiwzLjE3NS0yLjM4MSw4LjQ3Mi0zLjk2OSwxNS44NzZjLTEuNTg4LDcuNDE3LTIuNjU0LDEzLjIzNS0zLjE3NiwxNy40NjUNCgkJYy0yLjEyMSwxMS42NDYtMS44NiwyMi43NiwwLjc5NCwzMy4zNDFjMS4wNTUsNS4yOTYsMC43OTQsMTMuMjM0LTAuNzk0LDIzLjgxNWMtMy43MDksMTUuODc3LTYuMDksMjcuMjY0LTcuMTQ1LDM0LjEzNQ0KCQljMCwyLjEwOCwwLDQuMjI5LDAsNi4zNTFjMCw1LjI4NCwwLjc5NCwxMC4wNDcsMi4zODIsMTQuMjg5YzAuNTIxLDEuMDU1LDEuNTg4LDIuMzgyLDMuMTc1LDMuOTcNCgkJYzEuNTg4LDEuNTg4LDIuNjQzLDIuNjQyLDMuMTc2LDMuMTc1YzAuNTIxLDIuMTA5LDAuNzk0LDMuNjk2LDAuNzk0LDQuNzY0Yy0wLjUzMywwLjUyMS0xLjMyNywwLjc5NC0yLjM4MiwwLjc5NGgtMTAuMzE5DQoJCWMtMS4wNjcsMC0yLjM4Mi0wLjI3My0zLjk3LTAuNzk0Yy0yLjY1NC0yLjEyMS00LjUwMy0zLjcwOS01LjU1Ny00Ljc2NGMtMC41MzMtMS4wNjYtMC43OTQtMi42NTQtMC43OTQtNC43NjMNCgkJYzAtNC43NjMsMC4yNjEtNy45MzgsMC43OTQtOS41MjZjMC0xLjA2NiwwLjEyNC0yLjM4MSwwLjM5Ni0zLjk2OWMwLjI2MS0xLjU4OCwwLjM5Ny0yLjY1NCwwLjM5Ny0zLjE3Ng0KCQljMC0xMC4wNi0wLjI3My0xNy40NjQtMC43OTQtMjIuMjI4YzAtMi4xMDgtMC42Ny02LjQ3NS0xLjk4NC0xMy4wOThjLTEuMzI3LTYuNjExLTEuNzI1LTExLjc3MS0xLjE5MS0xNS40OA0KCQljMS4wNTUtNy40MDUsMS41ODgtMTIuNzAxLDEuNTg4LTE1Ljg3N2MwLTEuMDU0LTAuNzk0LTUuMDIzLTIuMzgyLTExLjkwN2MtMS4wNjYtNC4yMjktMS41ODctNy42NjUtMS41ODctMTAuMzINCgkJYzAtMTAuNTgsMC0xOC41MTksMC0yMy44MTVsLTIuMzgyLTMwLjk2YzAtNC4yMjksMC4yNjEtNy42NjYsMC43OTQtMTAuMzJjMC0xLjU4OC0wLjUzMy0yLjM4Mi0xLjU4OC0yLjM4MnYxOS44NDYNCgkJYzAsMi4xMjEtMC4yNzIsNS41NTctMC43OTQsMTAuMzJjLTAuNTMzLDQuNzYzLTAuNzk0LDguMjExLTAuNzk0LDEwLjMyYy0xLjA2Niw2LjM1MS0xLjU4OCwxMS4xMTQtMS41ODgsMTQuMjg5DQoJCWMwLDExLjY0Ny0xLjA2NiwyMS40MzQtMy4xNzUsMjkuMzcyYy0xLjA2NiwyLjEyMS0xLjA2Niw2LjA5LDAsMTEuOTA3YzEuMDU0LDEwLjA2LDAuNzk0LDE5LjMyNS0wLjc5NCwyNy43ODVsLTIuMzgyLDE0LjI4OQ0KCQljMCwxLjA2Ni0wLjEzNiwyLjY1NC0wLjM5Niw0Ljc2M2MtMC4yNzMsMi4xMDgtMC42NywzLjY5Ni0xLjE5MSw0Ljc2M2MwLDEuMDU1LDAuMTI0LDIuNTA2LDAuMzk3LDQuMzY2DQoJCWMwLjI2MSwxLjg0OSwwLjM5NiwzLjMsMC4zOTYsNC4zNjZ2Ny45MzhjMCwxLjA1NSwwLjEyNCwyLjM4MiwwLjM5NywzLjk3YzAuMjYxLDEuNTg4LDAuMzk2LDIuNjQyLDAuMzk2LDMuMTc1DQoJCWMwLDIuNjQzLTAuMjcyLDQuMjI5LTAuNzk0LDQuNzY0bC03LjkzOCw2LjM1MWMtMC41MzMsMC0xLjE5LDAtMS45ODQsMHMtMi4yNTcsMC00LjM2NiwwaC01LjU1N2wtMi4zODItMC43OTQNCgkJYzAtMi4xMjEsMC4yNjEtMy40NDgsMC43OTQtMy45N2wzLjk3LTMuOTY5YzMuNjk2LTMuNzA5LDUuMjg0LTcuNDE4LDQuNzYzLTExLjExNGMwLTIuNjU0LDAuMjYxLTQuNTAyLDAuNzk0LTUuNTU3DQoJCWMwLjUyMS0yLjY1NCwwLjI2MS03LjkzOC0wLjc5NC0xNS44NzdjMC0xLjA1NC0wLjkzMS01LjU1Ny0yLjc3OC0xMy40OTVjLTEuODYtNy45MzgtMy4wNTItMTQuMjg5LTMuNTcyLTE5LjA1Mg0KCQljLTAuNTMzLTQuNzY0LDAtMTIuMTY4LDEuNTg4LTIyLjIyOWMwLjUyMS0wLjUyMSwwLjc5NC0xLjcxMSwwLjc5NC0zLjU3MmMwLTEuODQ4LDAuMjYtMy4yOTksMC43OTMtNC4zNjUNCgkJYzAuNTIxLTkuNTI2LTAuNzkzLTIxLjQzNC0zLjk2OS0zNS43MjNjLTEuNTg4LTcuNDA1LTIuOTE1LTE0LjgxLTMuOTY5LTIyLjIyOGMwLTIuNjQyLDAtNi42MTEsMC0xMS45MDgNCgkJYzAtMi42NDIsMC4yNi02LjQ3NSwwLjc5My0xMS41MTFjMC41MjEtNS4wMjMsMC43OTQtOC44NTYsMC43OTQtMTEuNTExdi0zLjE3NWMwLTcuNDA1LDEuMDU1LTE0LjI4OSwzLjE3Ni0yMC42NGwxLjU4OC0xNC4yOQ0KCQljMC0wLjUyMSwwLjEyNC0xLjcxMSwwLjM5Ni0zLjU3MmMwLjI2MS0xLjg0OCwwLjM5Ny0zLjI5OSwwLjM5Ny00LjM2NmMtMS4wNjctOC45OTMtMS44NjEtMTUuODc2LTIuMzgyLTIwLjY0DQoJCWMtMi4xMjEtOC45OTMtMy43MDktMTUuODc3LTQuNzYzLTIwLjY0di0yLjM4MWMtMi4xMjEsNC4yNDItNS4yOTcsMTAuNTkzLTkuNTI2LDE5LjA1MmMtMS4wNjcsMS41ODgtMi45MTUsNC4yNDItNS41NTcsNy45MzgNCgkJYy0yLjY1NCwzLjcwOC00LjUwMiw2LjM1MS01LjU1Nyw3LjkzOGMtMC41MzQsMS4wNjYtMS41ODgsMi45MTUtMy4xNzYsNS41NTdjLTEuNTg3LDIuNjU1LTIuOTE1LDQuNTAzLTMuOTY5LDUuNTU3DQoJCWMwLDAuNTMzLTIuOTE1LDQuNTAyLTguNzMyLDExLjkwOGMtOS4wMDUsMTAuNTkzLTE0LjI4OSwxNy40NjQtMTUuODc3LDIwLjY0Yy0wLjUzMywwLjUzMy0wLjkzLDEuNzI0LTEuMTkxLDMuNTcyDQoJCWMtMC4yNzIsMS44NjEtMC42NjksMy4zMTItMS4xOSw0LjM2NmMtMC41MzQsMi4xMjEtMS40NjQsNS4yOTYtMi43NzksOS41MjZjLTEuMzI3LDQuMjQyLTIuMjU3LDcuNDE3LTIuNzc4LDkuNTI2DQoJCWMtMC41MzMsMC41MzMtMC45MywxLjE5MS0xLjE5MSwxLjk4NGMtMC4yNzIsMC43OTQtMC4zOTYsMS40NjQtMC4zOTYsMS45ODVjMCwwLjUzMy0wLjI3MywwLjkzLTAuNzk0LDEuMTkxDQoJCWMtMC41MzQsMC4yNzItMS4wNjcsMC4zOTYtMS41ODgsMC4zOTZ2LTIuMzgxYzAtMS4wNTQsMC0yLjUwNSwwLTQuMzY2YzAtMS44NDgsMC0zLjAzOSwwLTMuNTcyYzAsMS4wNjctMC4zOTcsMi42NTQtMS4xOSw0Ljc2Mw0KCQljLTAuNzk0LDIuMTIxLTEuNDY0LDMuOTY5LTEuOTg1LDUuNTU3YzAsMi42NTUtMS4wNjcsMy45NjktMy4xNzUsMy45NjljLTAuNTMzLDAtMC43OTQtMC43OTMtMC43OTQtMi4zODENCgkJYzEuMDU0LTMuNjk2LDEuODQ4LTYuNjExLDIuMzgyLTguNzMyYy0yLjEyMSw0Ljc2My0zLjcwOSw3LjkzOC00Ljc2Myw5LjUyNmMtMS4wNjcsMS41ODctMS44NjEsMi4zODEtMi4zODIsMi4zODENCgkJYy0wLjUzMy0wLjUyMS0wLjc5My0xLjU4Ny0wLjc5My0zLjE3NWwyLjM4MS03LjkzOGMtMC41MzMsMC41MzMtMC43OTQsMS4xOTEtMC43OTQsMS45ODVjMCwwLjc5My0wLjI3MywxLjE5LTAuNzk0LDEuMTkNCgkJYy0xLjA2NiwxLjA2Ny0xLjg2LDEuNTg4LTIuMzgxLDEuNTg4Yy0wLjUzMy0wLjUyMS0wLjc5NC0xLjU4OC0wLjc5NC0zLjE3NWMwLjUyMS0xLjA1NSwxLjMxNS0zLjI5OSwyLjM4Mi02Ljc0OA0KCQljMS4wNTQtMy40MzYsMS44NDgtNS45NTQsMi4zODEtNy41NDJjLTIuMTIxLDAtMi4zODEtMS4zMTUtMC43OTQtMy45NjljMC41MjEtMC41MjEsMS4wNTQtMS4zMTUsMS41ODgtMi4zODINCgkJYzAuNTIxLTEuMDU0LDEuMDU0LTEuOTg0LDEuNTg3LTIuNzc4YzAuNTIxLTAuNzk0LDEuMzE1LTEuNDUxLDIuMzgyLTEuOTg1YzQuMjI5LTMuMTc1LDguNzMyLTkuNzg2LDEzLjQ5NS0xOS44NDYNCgkJYzUuMjg0LTEwLjU4MSw4LjczMi0xNy4xOTIsMTAuMzItMTkuODQ2YzAtMC41MjEsMy4xNzYtNS4yODQsOS41MjYtMTQuMjg5YzEuMDU0LTEuMDU0LDIuMzgxLTIuNzc4LDMuOTY5LTUuMTYNCgkJYzEuNTg3LTIuMzgxLDIuNjQyLTQuMDkzLDMuMTc1LTUuMTZjNS4yODQtOC45OTMsMTAuMzItMTkuNTczLDE1LjA4My0zMS43NTRjMy4xNzUtOS41MjYsOS43ODctMTUuNjA0LDE5Ljg0Ni0xOC4yNTgNCgkJYzUuMjg0LTEuMDU0LDExLjExMy0zLjY5NiwxNy40NjQtNy45MzhjMS4wNTUtMS41ODcsMS44NDktMy4xNzUsMi4zODItNC43NjNWODYuOTZjMC0wLjUyMS0wLjEzNy0xLjA1NC0wLjM5Ni0xLjU4OA0KCQljLTAuMjczLTAuNTIxLTAuMzk3LTEuMDU0LTAuMzk3LTEuNTg3YzAtMC41MjEtMC4yNzItMS41ODgtMC43OTQtMy4xNzVjLTAuNTMzLTEuNTg4LTAuNzk0LTIuNjQyLTAuNzk0LTMuMTc2aC0wLjc5Mw0KCQljLTEuNTg4LTAuNTIxLTIuOTE1LTIuNTA1LTMuOTctNS45NTRjLTEuMDY2LTMuNDM2LTEuMDY2LTUuNjgxLDAtNi43NDhsMC43OTQtMC43OTRjMC41MjEsMCwxLjA1NSwwLDEuNTg4LDANCgkJYy0xLjA2Ny02LjM1MS0wLjI3My0xMS4zNzQsMi4zODEtMTUuMDgzYzIuMTA5LTMuNjk2LDUuODE3LTYuMDc4LDExLjExNC03LjE0NWgyLjM4MmMyLjY0MiwwLDQuNDksMC4yNzMsNS41NTcsMC43OTQNCgkJYzQuMjI5LDEuMDY2LDcuNDA1LDMuNDQ4LDkuNTI2LDcuMTQ1YzMuMTc1LDQuNzYzLDMuOTY5LDkuNzk5LDIuMzgxLDE1LjA4M2wyLjM4MiwwLjc5NGMxLjA1NSwxLjA2NiwxLjA1NSwzLjE3NSwwLDYuMzUxDQoJCWMtMS4wNjYsMy4xNzUtMi4zODIsNS4yOTYtMy45NjksNi4zNTFoLTAuNzk0YzAsMS41ODgtMC41MzQsMy43MDktMS41ODgsNi4zNTFjLTIuNjU0LDYuODg0LTEuMzI3LDExLjY0NywzLjk2OSwxNC4yOQ0KCQljOC45OTMsNC43NjMsMTQuMjg5LDcuNDE3LDE1Ljg3Nyw3LjkzOGMxMC4wNDcsMi42NTQsMTYuOTMyLDkuMjY2LDIwLjY0LDE5Ljg0NmMzLjY5NywxMi4xODEsOS41MjYsMjQuMzQ5LDE3LjQ2NSwzNi41MTcNCgkJYzAuNTIxLDEuMDY2LDEuODQ5LDIuNjU0LDMuOTcsNC43NjNjMi4xMDgsMi4xMjEsMy40MzYsMy45NjksMy45NjksNS41NTdDMzA2LjkxOSwxNzYuNjY1LDMxMC42MjcsMTg0Ljg3NiwzMTYuOTc5LDE5OC4wOTh6Ii8+DQo8L2c+DQo8L3N2Zz4NCg=='),(2,'Cow gut microbime','Leverage agile frameworks to provide a robust synopsis for high level overviews. Iterative approaches to corporate strategy foster collaborative thinking to further the overall value proposition. Organically grow the holistic world view of disruptive innovation via workplace diversity and empowerment.','cow-gut','');
/*!40000 ALTER TABLE `SUPER_STUDY` ENABLE KEYS */;
UNLOCK TABLES;

--
-- Table structure for table `SUPER_STUDY_STUDY`
--

DROP TABLE IF EXISTS `SUPER_STUDY_STUDY`;
/*!40101 SET @saved_cs_client     = @@character_set_client */;
/*!40101 SET character_set_client = utf8 */;
CREATE TABLE `SUPER_STUDY_STUDY` (
  `id` int(11) NOT NULL AUTO_INCREMENT,
  `STUDY_ID` int(11) NOT NULL,
  `SUPER_STUDY_ID` int(11) NOT NULL,
  PRIMARY KEY (`id`),
  UNIQUE KEY `SUPER_STUDY_STUDY_STUDY_ID_SUPER_STUDY_ID_cb82f69c_uniq` (`STUDY_ID`,`SUPER_STUDY_ID`),
  KEY `SUPER_STUDY_STUDY_SUPER_STUDY_ID_e565be17_fk_SUPER_STU` (`SUPER_STUDY_ID`),
  CONSTRAINT `SUPER_STUDY_STUDY_STUDY_ID_e88aab2c_fk_STUDY_STUDY_ID` FOREIGN KEY (`STUDY_ID`) REFERENCES `STUDY` (`STUDY_ID`),
  CONSTRAINT `SUPER_STUDY_STUDY_SUPER_STUDY_ID_e565be17_fk_SUPER_STU` FOREIGN KEY (`SUPER_STUDY_ID`) REFERENCES `SUPER_STUDY` (`STUDY_ID`)
) ENGINE=InnoDB AUTO_INCREMENT=12 DEFAULT CHARSET=utf8;
/*!40101 SET character_set_client = @saved_cs_client */;

--
-- Dumping data for table `SUPER_STUDY_STUDY`
--

LOCK TABLES `SUPER_STUDY_STUDY` WRITE;
/*!40000 ALTER TABLE `SUPER_STUDY_STUDY` DISABLE KEYS */;
INSERT INTO `SUPER_STUDY_STUDY` VALUES (1,256,1),(8,275,2),(10,277,2),(6,278,2),(5,339,2),(11,614,2),(7,830,2),(2,831,1),(9,1163,2),(3,1794,1),(4,2072,1);
/*!40000 ALTER TABLE `SUPER_STUDY_STUDY` ENABLE KEYS */;
UNLOCK TABLES;

--
-- Table structure for table `SUPER_STUDY_BIOME`
--

DROP TABLE IF EXISTS `SUPER_STUDY_BIOME`;
/*!40101 SET @saved_cs_client     = @@character_set_client */;
/*!40101 SET character_set_client = utf8 */;
CREATE TABLE `SUPER_STUDY_BIOME` (
  `id` int(11) NOT NULL AUTO_INCREMENT,
  `BIOME_ID` smallint(6) NOT NULL,
  `SUPER_STUDY_ID` int(11) NOT NULL,
  PRIMARY KEY (`id`),
  UNIQUE KEY `SUPER_STUDY_BIOME_BIOME_ID_SUPER_STUDY_ID_a50d2ff6_uniq` (`BIOME_ID`,`SUPER_STUDY_ID`),
  KEY `SUPER_STUDY_BIOME_SUPER_STUDY_ID_94103583_fk_SUPER_STU` (`SUPER_STUDY_ID`),
  CONSTRAINT `SUPER_STUDY_BIOME_BIOME_ID_a5aa1558_fk_BIOME_HIE` FOREIGN KEY (`BIOME_ID`) REFERENCES `BIOME_HIERARCHY_TREE` (`BIOME_ID`),
  CONSTRAINT `SUPER_STUDY_BIOME_SUPER_STUDY_ID_94103583_fk_SUPER_STU` FOREIGN KEY (`SUPER_STUDY_ID`) REFERENCES `SUPER_STUDY` (`STUDY_ID`)
) ENGINE=InnoDB AUTO_INCREMENT=7 DEFAULT CHARSET=utf8;
/*!40101 SET character_set_client = @saved_cs_client */;

--
-- Dumping data for table `SUPER_STUDY_BIOME`
--

LOCK TABLES `SUPER_STUDY_BIOME` WRITE;
/*!40000 ALTER TABLE `SUPER_STUDY_BIOME` DISABLE KEYS */;
INSERT INTO `SUPER_STUDY_BIOME` VALUES (5,17,2),(6,418,2),(4,466,1);
/*!40000 ALTER TABLE `SUPER_STUDY_BIOME` ENABLE KEYS */;
UNLOCK TABLES;
/*!40103 SET TIME_ZONE=@OLD_TIME_ZONE */;

/*!40101 SET SQL_MODE=@OLD_SQL_MODE */;
/*!40014 SET FOREIGN_KEY_CHECKS=@OLD_FOREIGN_KEY_CHECKS */;
/*!40014 SET UNIQUE_CHECKS=@OLD_UNIQUE_CHECKS */;
/*!40101 SET CHARACTER_SET_CLIENT=@OLD_CHARACTER_SET_CLIENT */;
/*!40101 SET CHARACTER_SET_RESULTS=@OLD_CHARACTER_SET_RESULTS */;
/*!40101 SET COLLATION_CONNECTION=@OLD_COLLATION_CONNECTION */;
/*!40111 SET SQL_NOTES=@OLD_SQL_NOTES */;

-- Dump completed on 2019-07-18 20:49:41
