{
    "@context": "https://w3id.org/ro/crate/1.1/context",
    "@graph": [
        {
            "@id": "./",
            "@type": "Dataset",
            "conformsTo": {
                "@id": "https://w3id.org/ro/wfrun/process/0.1"
            },
            "creator": {
                "@id": "https://ror.org/02catss52"
            },
            "datePublished": "2023-04-06T08:52:30+00:00",
            "description": "SanntiS (SMBGC Annotation using Neural Networks Trained on Interpro Signatures) predicts secondary metabolite biosynthetic gene clusters.\nThis is the output (a GFF feature file) of SanntiS being run on the MGnify assembly ERZ8153470.",
            "hasPart": [
                {
                    "@id": "ERZ8153470.sanntis.gff"
                }
            ],
            "name": "SANNTIS predictions for assembly ERZ8153470",
            "variableMeasured": [
                {
                    "@id": "#gff_attribute_nearest_mibig"
                },
                {
                    "@id": "#gff_attribute_nearest_mibig_class"
                }
            ]
        },
        {
            "@id": "ro-crate-metadata.json",
            "@type": "CreativeWork",
            "about": {
                "@id": "./"
            },
            "conformsTo": {
                "@id": "https://w3id.org/ro/crate/1.1"
            }
        },
        {
            "@id": "ro-crate-preview.html",
            "@type": "CreativeWork",
            "about": {
                "@id": "./"
            }
        },
        {
            "@id": "https://w3id.org/ro/wfrun/process/0.1",
            "@type": "CreativeWork",
            "name": "Process Run Crate",
            "version": "0.1"
        },
        {
            "@id": "https://github.com/Finn-Lab/SanntiS",
            "@type": "SoftwareSourceCode",
            "alternateName": "emeraldBGC",
            "codeRepository": "https://github.com/Finn-Lab/SanntiS",
            "funding": [
                {
                    "@id": "#BB/S009043/1"
                }
            ],
            "name": "SanntiS: SMBGC Annotation using Neural Networks Trained on Interpro Signatures",
            "url": "https://github.com/Finn-Lab/SanntiS",
            "version": "0.2.3"
        },
        {
            "@id": "https://ror.org/00cwqg982",
            "@type": "Organization",
            "alternateName": "Biotechnology and Biological Sciences Research Council",
            "name": "BBSRC",
            "url": "http://www.bbsrc.ac.uk/"
        },
        {
            "@id": "#BB/S009043/1",
            "@type": "Grant",
            "funder": [
                {
                    "@id": "https://ror.org/00cwqg982"
                }
            ],
            "name": "EMERALD - Enriching MEtagenomics Results using Artificial intelligence and Literature Data",
            "url": "https://gtr.ukri.org/projects?ref=BB%2FS009043%2F1"
        },
        {
            "@id": "https://ror.org/02catss52",
            "@type": "Organization",
            "name": "EMBL-EBI",
            "url": "https://www.ebi.ac.uk/metagenomics"
        },
        {
            "@id": "ERZ8153470.sanntis.gff",
            "@type": "File",
            "encodingFormat": "text/x-gff3",
            "name": "annotations gff"
        },
        {
            "@id": "#3f6d7105d5ff413a95d045db1860bad4",
            "@type": "CreateAction",
            "agent": [
                {
                    "@id": "https://ror.org/02catss52"
                }
            ],
            "description": "SanntiS produces a single GFF per input assembly.",
            "endTime": "2023-04-05T11:26:20.902001",
            "instrument": [
                {
                    "@id": "https://github.com/Finn-Lab/SanntiS"
                }
            ],
            "name": "SanntiS run on ERZ8153470",
            "result": [
                {
                    "@id": "ERZ8153470.sanntis.gff"
                }
            ]
        },
        {
            "@id": "#gff_attribute_nearest_mibig",
            "@type": "PropertyValue",
            "description": "The nearest_MiBIG attribute in the GFF column 9 is the closest predicted BGC from the MiBIG ontology.",
            "name": "Nearest MiBIG",
            "propertyId": "https://mibig.secondarymetabolites.org/repository/@value",
            "url": "https://mibig.secondarymetabolites.org/repository",
            "value": "nearest_MiBIG"
        },
        {
            "@id": "#gff_attribute_nearest_mibig_class",
            "@type": "PropertyValue",
            "description": "The nearest_MiBIG_class attribute in the GFF column 9 is one of the 6 (or other) BGC types from the MiBIG ontology.",
            "name": "Nearest MiBIG class",
            "propertyId": "https://mibig.secondarymetabolites.org/",
            "url": "https://mibig.secondarymetabolites.org",
            "value": "nearest_MiBIG_class"
        }
    ]
}